"Time","date_onset","Median","LI","LS","LIb","LSb","obs_naive","base","DRS","metodo","base2","dt_event","casos"
2,"2023-07-25",339,337,344,338,340,337,"2023-09-19","GRANDE SÃO PAULO","nowcast","boletim_ 19_09_2023 .RData",2023-07-25,348
3,"2023-08-01",443,439,451,441,445,439,"2023-09-19","GRANDE SÃO PAULO","nowcast","boletim_ 19_09_2023 .RData",2023-08-01,459
4,"2023-08-08",436,431,445,434,438,429,"2023-09-19","GRANDE SÃO PAULO","nowcast","boletim_ 19_09_2023 .RData",2023-08-08,458
5,"2023-08-15",447,440,458.025,444,450,435,"2023-09-19","GRANDE SÃO PAULO","nowcast","boletim_ 19_09_2023 .RData",2023-08-15,477
6,"2023-08-22",437,424,455,433,442,409,"2023-09-19","GRANDE SÃO PAULO","nowcast","boletim_ 19_09_2023 .RData",2023-08-22,445
7,"2023-08-29",434,411,464,425,444,364,"2023-09-19","GRANDE SÃO PAULO","nowcast","boletim_ 19_09_2023 .RData",2023-08-29,442
8,"2023-09-05",483,431.975,556.025,463,506,302,"2023-09-19","GRANDE SÃO PAULO","nowcast","boletim_ 19_09_2023 .RData",2023-09-05,514
9,"2023-09-12",479,349,656.025,433,530,77,"2023-09-19","GRANDE SÃO PAULO","nowcast","boletim_ 19_09_2023 .RData",2023-09-12,528
10,"2023-09-19",501,309.975,813.075,426.75,576,0,"2023-09-19","GRANDE SÃO PAULO","nowcast","boletim_ 19_09_2023 .RData",2023-09-19,521
11,"2023-09-26",508,247.9,966.45,407,612.25,0,"2023-09-19","GRANDE SÃO PAULO","nowcast","boletim_ 19_09_2023 .RData",2023-09-26,564
12,"2023-10-03",511,168.975,1371,397.75,681,0,"2023-09-19","GRANDE SÃO PAULO","nowcast","boletim_ 19_09_2023 .RData",2023-10-03,604
13,"2023-10-10",526,124.95,1875.025,381,727.25,0,"2023-09-19","GRANDE SÃO PAULO","nowcast","boletim_ 19_09_2023 .RData",2023-10-10,703
1,"2023-07-25",362,263,501.05,324.75,402,339,"2023-09-19","GRANDE SÃO PAULO","median","boletim_ 19_09_2023 .RData",2023-07-25,348
2,"2023-08-01",414,299.95,545.175,377,453,443,"2023-09-19","GRANDE SÃO PAULO","median","boletim_ 19_09_2023 .RData",2023-08-01,459
3,"2023-08-08",435,318,581,397,474.25,436,"2023-09-19","GRANDE SÃO PAULO","median","boletim_ 19_09_2023 .RData",2023-08-08,458
4,"2023-08-15",443,329.975,587.025,402,480,448,"2023-09-19","GRANDE SÃO PAULO","median","boletim_ 19_09_2023 .RData",2023-08-15,477
5,"2023-08-22",443.5,337.925,584.025,404,481,437,"2023-09-19","GRANDE SÃO PAULO","median","boletim_ 19_09_2023 .RData",2023-08-22,445
6,"2023-08-29",450.5,331.975,599.05,412.75,495,434,"2023-09-19","GRANDE SÃO PAULO","median","boletim_ 19_09_2023 .RData",2023-08-29,442
7,"2023-09-05",470,353.95,613,431.75,514,482,"2023-09-19","GRANDE SÃO PAULO","median","boletim_ 19_09_2023 .RData",2023-09-05,514
8,"2023-09-12",481,334,664,434,528,481,"2023-09-19","GRANDE SÃO PAULO","median","boletim_ 19_09_2023 .RData",2023-09-12,528
9,"2023-09-19",503,287.975,861.15,418,579,NA,"2023-09-19","GRANDE SÃO PAULO","median","boletim_ 19_09_2023 .RData",2023-09-19,521
10,"2023-09-26",510.5,187.975,1395.3,388,665,NA,"2023-09-19","GRANDE SÃO PAULO","median","boletim_ 19_09_2023 .RData",2023-09-26,564
11,"2023-10-03",514.5,123,2349.125,339.75,760.25,NA,"2023-09-19","GRANDE SÃO PAULO","median","boletim_ 19_09_2023 .RData",2023-10-03,604
12,"2023-10-10",522.5,63.975,4440.025,300,900,NA,"2023-09-19","GRANDE SÃO PAULO","median","boletim_ 19_09_2023 .RData",2023-10-10,703
1,"2023-06-13",541,383.925,763.175,490,599,536,"2023-09-19","GRANDE SÃO PAULO","cut_3_weeks","boletim_ 19_09_2023 .RData",2023-06-13,552
2,"2023-06-20",530,387,709,482,583,535,"2023-09-19","GRANDE SÃO PAULO","cut_3_weeks","boletim_ 19_09_2023 .RData",2023-06-20,554
3,"2023-06-27",502.5,361.975,665,457,559,498,"2023-09-19","GRANDE SÃO PAULO","cut_3_weeks","boletim_ 19_09_2023 .RData",2023-06-27,521
4,"2023-07-04",460,322,613.025,416,508,517,"2023-09-19","GRANDE SÃO PAULO","cut_3_weeks","boletim_ 19_09_2023 .RData",2023-07-04,536
5,"2023-07-11",392,282.95,531.025,356,432,363,"2023-09-19","GRANDE SÃO PAULO","cut_3_weeks","boletim_ 19_09_2023 .RData",2023-07-11,386
6,"2023-07-18",360,265.95,510.025,326,400,349,"2023-09-19","GRANDE SÃO PAULO","cut_3_weeks","boletim_ 19_09_2023 .RData",2023-07-18,360
7,"2023-07-25",366,267,502.15,331,404,337,"2023-09-19","GRANDE SÃO PAULO","cut_3_weeks","boletim_ 19_09_2023 .RData",2023-07-25,348
8,"2023-08-01",406,287.975,532.025,365.75,443,439,"2023-09-19","GRANDE SÃO PAULO","cut_3_weeks","boletim_ 19_09_2023 .RData",2023-08-01,459
9,"2023-08-08",419,300,566.075,379.75,462,429,"2023-09-19","GRANDE SÃO PAULO","cut_3_weeks","boletim_ 19_09_2023 .RData",2023-08-08,458
10,"2023-08-15",411,297,549.025,373,451.25,435,"2023-09-19","GRANDE SÃO PAULO","cut_3_weeks","boletim_ 19_09_2023 .RData",2023-08-15,477
11,"2023-08-22",364,258.95,518.375,326,406,345,"2023-09-19","GRANDE SÃO PAULO","cut_3_weeks","boletim_ 19_09_2023 .RData",2023-08-22,445
12,"2023-08-29",332,177.95,604.05,274,398,NA,"2023-09-19","GRANDE SÃO PAULO","cut_3_weeks","boletim_ 19_09_2023 .RData",2023-08-29,442
13,"2023-09-05",303.5,99.975,744.125,218,413,NA,"2023-09-19","GRANDE SÃO PAULO","cut_3_weeks","boletim_ 19_09_2023 .RData",2023-09-05,514
14,"2023-09-12",277,52,1103.15,169.75,436,NA,"2023-09-19","GRANDE SÃO PAULO","cut_3_weeks","boletim_ 19_09_2023 .RData",2023-09-12,528
15,"2023-09-19",244.5,26,1685.2,129.75,485.25,NA,"2023-09-19","GRANDE SÃO PAULO","cut_3_weeks","boletim_ 19_09_2023 .RData",2023-09-19,521
16,"2023-09-26",224.5,12,2751.825,95,527.25,NA,"2023-09-19","GRANDE SÃO PAULO","cut_3_weeks","boletim_ 19_09_2023 .RData",2023-09-26,564
17,"2023-10-03",200.5,5,5024.675,68,585.75,NA,"2023-09-19","GRANDE SÃO PAULO","cut_3_weeks","boletim_ 19_09_2023 .RData",2023-10-03,604
18,"2023-10-10",186.5,1,9398.62499999998,51.75,656.75,NA,"2023-09-19","GRANDE SÃO PAULO","cut_3_weeks","boletim_ 19_09_2023 .RData",2023-10-10,703
1,"2023-07-18",347,178.975,619.025,292.75,411,349,"2023-09-19","GRANDE SÃO PAULO","delay","boletim_ 19_09_2023 .RData",2023-07-18,360
2,"2023-07-25",357.5,201.925,627.075,308,421,337,"2023-09-19","GRANDE SÃO PAULO","delay","boletim_ 19_09_2023 .RData",2023-07-25,348
3,"2023-08-01",409,223.95,686.225,348,477,439,"2023-09-19","GRANDE SÃO PAULO","delay","boletim_ 19_09_2023 .RData",2023-08-01,459
4,"2023-08-08",435,215.95,713.1,366,503.25,429,"2023-09-19","GRANDE SÃO PAULO","delay","boletim_ 19_09_2023 .RData",2023-08-08,458
5,"2023-08-15",424.5,207.975,720.025,361,497.25,435,"2023-09-19","GRANDE SÃO PAULO","delay","boletim_ 19_09_2023 .RData",2023-08-15,477
6,"2023-08-22",414,205.975,665.125,351,481,409,"2023-09-19","GRANDE SÃO PAULO","delay","boletim_ 19_09_2023 .RData",2023-08-22,445
7,"2023-08-29",363.5,184,583.2,307,422.25,364,"2023-09-19","GRANDE SÃO PAULO","delay","boletim_ 19_09_2023 .RData",2023-08-29,442
8,"2023-09-05",250.5,133,396.025,207,291,302,"2023-09-19","GRANDE SÃO PAULO","delay","boletim_ 19_09_2023 .RData",2023-09-05,514
9,"2023-09-12",97,49,267.075,78.75,123,77,"2023-09-19","GRANDE SÃO PAULO","delay","boletim_ 19_09_2023 .RData",2023-09-12,528
10,"2023-09-19",39,7,234.35,24,64,NA,"2023-09-19","GRANDE SÃO PAULO","delay","boletim_ 19_09_2023 .RData",2023-09-19,521
11,"2023-09-26",15.5,0,305.15,7,39,NA,"2023-09-19","GRANDE SÃO PAULO","delay","boletim_ 19_09_2023 .RData",2023-09-26,564
12,"2023-10-03",7,0,388.25,2,25,NA,"2023-09-19","GRANDE SÃO PAULO","delay","boletim_ 19_09_2023 .RData",2023-10-03,604
13,"2023-10-10",3,0,491.674999999998,0,16,NA,"2023-09-19","GRANDE SÃO PAULO","delay","boletim_ 19_09_2023 .RData",2023-10-10,703
NA,NA,NA,NA,NA,NA,NA,NA,"2023-09-19","GRANDE SÃO PAULO","cut_3_weeks",NA,2023-04-04,639
NA,NA,NA,NA,NA,NA,NA,NA,"2023-09-19","GRANDE SÃO PAULO","cut_3_weeks",NA,2023-04-11,650
NA,NA,NA,NA,NA,NA,NA,NA,"2023-09-19","GRANDE SÃO PAULO","cut_3_weeks",NA,2023-04-18,614
NA,NA,NA,NA,NA,NA,NA,NA,"2023-09-19","GRANDE SÃO PAULO","cut_3_weeks",NA,2023-04-25,592
NA,NA,NA,NA,NA,NA,NA,NA,"2023-09-19","GRANDE SÃO PAULO","cut_3_weeks",NA,2023-05-02,638
NA,NA,NA,NA,NA,NA,NA,NA,"2023-09-19","GRANDE SÃO PAULO","cut_3_weeks",NA,2023-05-09,612
NA,NA,NA,NA,NA,NA,NA,NA,"2023-09-19","GRANDE SÃO PAULO","cut_3_weeks",NA,2023-05-16,649
NA,NA,NA,NA,NA,NA,NA,NA,"2023-09-19","GRANDE SÃO PAULO","cut_3_weeks",NA,2023-05-23,649
NA,NA,NA,NA,NA,NA,NA,NA,"2023-09-19","GRANDE SÃO PAULO","cut_3_weeks",NA,2023-05-30,663
NA,NA,NA,NA,NA,NA,NA,NA,"2023-09-19","GRANDE SÃO PAULO","cut_3_weeks",NA,2023-06-06,630
NA,NA,NA,NA,NA,NA,NA,NA,"2023-09-19","GRANDE SÃO PAULO","cut_3_weeks",NA,2023-10-17,739
NA,NA,NA,NA,NA,NA,NA,NA,"2023-09-19","GRANDE SÃO PAULO","cut_3_weeks",NA,2023-10-24,662
NA,NA,NA,NA,NA,NA,NA,NA,"2023-09-19","GRANDE SÃO PAULO","cut_3_weeks",NA,2023-10-31,619
NA,NA,NA,NA,NA,NA,NA,NA,"2023-09-19","GRANDE SÃO PAULO","cut_3_weeks",NA,2023-11-07,513
NA,NA,NA,NA,NA,NA,NA,NA,"2023-09-19","GRANDE SÃO PAULO","cut_3_weeks",NA,2023-11-14,446
NA,NA,NA,NA,NA,NA,NA,NA,"2023-09-19","GRANDE SÃO PAULO","cut_3_weeks",NA,2023-11-21,365
NA,NA,NA,NA,NA,NA,NA,NA,"2023-09-19","GRANDE SÃO PAULO","cut_3_weeks",NA,2023-11-28,386
NA,NA,NA,NA,NA,NA,NA,NA,"2023-09-19","GRANDE SÃO PAULO","cut_3_weeks",NA,2023-12-05,362
NA,NA,NA,NA,NA,NA,NA,NA,"2023-09-19","GRANDE SÃO PAULO","cut_3_weeks",NA,2023-12-12,381
NA,NA,NA,NA,NA,NA,NA,NA,"2023-09-19","GRANDE SÃO PAULO","cut_3_weeks",NA,2023-12-19,266
NA,NA,NA,NA,NA,NA,NA,NA,"2023-09-19","GRANDE SÃO PAULO","delay",NA,2023-05-09,612
NA,NA,NA,NA,NA,NA,NA,NA,"2023-09-19","GRANDE SÃO PAULO","delay",NA,2023-05-16,649
NA,NA,NA,NA,NA,NA,NA,NA,"2023-09-19","GRANDE SÃO PAULO","delay",NA,2023-05-23,649
NA,NA,NA,NA,NA,NA,NA,NA,"2023-09-19","GRANDE SÃO PAULO","delay",NA,2023-05-30,663
NA,NA,NA,NA,NA,NA,NA,NA,"2023-09-19","GRANDE SÃO PAULO","delay",NA,2023-06-06,630
NA,NA,NA,NA,NA,NA,NA,NA,"2023-09-19","GRANDE SÃO PAULO","delay",NA,2023-06-13,552
NA,NA,NA,NA,NA,NA,NA,NA,"2023-09-19","GRANDE SÃO PAULO","delay",NA,2023-06-20,554
NA,NA,NA,NA,NA,NA,NA,NA,"2023-09-19","GRANDE SÃO PAULO","delay",NA,2023-06-27,521
NA,NA,NA,NA,NA,NA,NA,NA,"2023-09-19","GRANDE SÃO PAULO","delay",NA,2023-07-04,536
NA,NA,NA,NA,NA,NA,NA,NA,"2023-09-19","GRANDE SÃO PAULO","delay",NA,2023-07-11,386
NA,NA,NA,NA,NA,NA,NA,NA,"2023-09-19","GRANDE SÃO PAULO","delay",NA,2023-10-17,739
NA,NA,NA,NA,NA,NA,NA,NA,"2023-09-19","GRANDE SÃO PAULO","delay",NA,2023-10-24,662
NA,NA,NA,NA,NA,NA,NA,NA,"2023-09-19","GRANDE SÃO PAULO","delay",NA,2023-10-31,619
NA,NA,NA,NA,NA,NA,NA,NA,"2023-09-19","GRANDE SÃO PAULO","delay",NA,2023-11-07,513
NA,NA,NA,NA,NA,NA,NA,NA,"2023-09-19","GRANDE SÃO PAULO","delay",NA,2023-11-14,446
NA,NA,NA,NA,NA,NA,NA,NA,"2023-09-19","GRANDE SÃO PAULO","delay",NA,2023-11-21,365
NA,NA,NA,NA,NA,NA,NA,NA,"2023-09-19","GRANDE SÃO PAULO","delay",NA,2023-11-28,386
NA,NA,NA,NA,NA,NA,NA,NA,"2023-09-19","GRANDE SÃO PAULO","delay",NA,2023-12-05,362
NA,NA,NA,NA,NA,NA,NA,NA,"2023-09-19","GRANDE SÃO PAULO","delay",NA,2023-12-12,381
NA,NA,NA,NA,NA,NA,NA,NA,"2023-09-19","GRANDE SÃO PAULO","delay",NA,2023-12-19,266
NA,NA,NA,NA,NA,NA,NA,NA,"2023-09-19","GRANDE SÃO PAULO","median",NA,2023-05-16,649
NA,NA,NA,NA,NA,NA,NA,NA,"2023-09-19","GRANDE SÃO PAULO","median",NA,2023-05-23,649
NA,NA,NA,NA,NA,NA,NA,NA,"2023-09-19","GRANDE SÃO PAULO","median",NA,2023-05-30,663
NA,NA,NA,NA,NA,NA,NA,NA,"2023-09-19","GRANDE SÃO PAULO","median",NA,2023-06-06,630
NA,NA,NA,NA,NA,NA,NA,NA,"2023-09-19","GRANDE SÃO PAULO","median",NA,2023-06-13,552
NA,NA,NA,NA,NA,NA,NA,NA,"2023-09-19","GRANDE SÃO PAULO","median",NA,2023-06-20,554
NA,NA,NA,NA,NA,NA,NA,NA,"2023-09-19","GRANDE SÃO PAULO","median",NA,2023-06-27,521
NA,NA,NA,NA,NA,NA,NA,NA,"2023-09-19","GRANDE SÃO PAULO","median",NA,2023-07-04,536
NA,NA,NA,NA,NA,NA,NA,NA,"2023-09-19","GRANDE SÃO PAULO","median",NA,2023-07-11,386
NA,NA,NA,NA,NA,NA,NA,NA,"2023-09-19","GRANDE SÃO PAULO","median",NA,2023-07-18,360
NA,NA,NA,NA,NA,NA,NA,NA,"2023-09-19","GRANDE SÃO PAULO","median",NA,2023-10-17,739
NA,NA,NA,NA,NA,NA,NA,NA,"2023-09-19","GRANDE SÃO PAULO","median",NA,2023-10-24,662
NA,NA,NA,NA,NA,NA,NA,NA,"2023-09-19","GRANDE SÃO PAULO","median",NA,2023-10-31,619
NA,NA,NA,NA,NA,NA,NA,NA,"2023-09-19","GRANDE SÃO PAULO","median",NA,2023-11-07,513
NA,NA,NA,NA,NA,NA,NA,NA,"2023-09-19","GRANDE SÃO PAULO","median",NA,2023-11-14,446
NA,NA,NA,NA,NA,NA,NA,NA,"2023-09-19","GRANDE SÃO PAULO","median",NA,2023-11-21,365
NA,NA,NA,NA,NA,NA,NA,NA,"2023-09-19","GRANDE SÃO PAULO","median",NA,2023-11-28,386
NA,NA,NA,NA,NA,NA,NA,NA,"2023-09-19","GRANDE SÃO PAULO","median",NA,2023-12-05,362
NA,NA,NA,NA,NA,NA,NA,NA,"2023-09-19","GRANDE SÃO PAULO","median",NA,2023-12-12,381
NA,NA,NA,NA,NA,NA,NA,NA,"2023-09-19","GRANDE SÃO PAULO","median",NA,2023-12-19,266
NA,NA,NA,NA,NA,NA,NA,NA,"2023-09-19","GRANDE SÃO PAULO","nowcast",NA,2023-05-16,649
NA,NA,NA,NA,NA,NA,NA,NA,"2023-09-19","GRANDE SÃO PAULO","nowcast",NA,2023-05-23,649
NA,NA,NA,NA,NA,NA,NA,NA,"2023-09-19","GRANDE SÃO PAULO","nowcast",NA,2023-05-30,663
NA,NA,NA,NA,NA,NA,NA,NA,"2023-09-19","GRANDE SÃO PAULO","nowcast",NA,2023-06-06,630
NA,NA,NA,NA,NA,NA,NA,NA,"2023-09-19","GRANDE SÃO PAULO","nowcast",NA,2023-06-13,552
NA,NA,NA,NA,NA,NA,NA,NA,"2023-09-19","GRANDE SÃO PAULO","nowcast",NA,2023-06-20,554
NA,NA,NA,NA,NA,NA,NA,NA,"2023-09-19","GRANDE SÃO PAULO","nowcast",NA,2023-06-27,521
NA,NA,NA,NA,NA,NA,NA,NA,"2023-09-19","GRANDE SÃO PAULO","nowcast",NA,2023-07-04,536
NA,NA,NA,NA,NA,NA,NA,NA,"2023-09-19","GRANDE SÃO PAULO","nowcast",NA,2023-07-11,386
NA,NA,NA,NA,NA,NA,NA,NA,"2023-09-19","GRANDE SÃO PAULO","nowcast",NA,2023-07-18,360
NA,NA,NA,NA,NA,NA,NA,NA,"2023-09-19","GRANDE SÃO PAULO","nowcast",NA,2023-10-17,739
NA,NA,NA,NA,NA,NA,NA,NA,"2023-09-19","GRANDE SÃO PAULO","nowcast",NA,2023-10-24,662
NA,NA,NA,NA,NA,NA,NA,NA,"2023-09-19","GRANDE SÃO PAULO","nowcast",NA,2023-10-31,619
NA,NA,NA,NA,NA,NA,NA,NA,"2023-09-19","GRANDE SÃO PAULO","nowcast",NA,2023-11-07,513
NA,NA,NA,NA,NA,NA,NA,NA,"2023-09-19","GRANDE SÃO PAULO","nowcast",NA,2023-11-14,446
NA,NA,NA,NA,NA,NA,NA,NA,"2023-09-19","GRANDE SÃO PAULO","nowcast",NA,2023-11-21,365
NA,NA,NA,NA,NA,NA,NA,NA,"2023-09-19","GRANDE SÃO PAULO","nowcast",NA,2023-11-28,386
NA,NA,NA,NA,NA,NA,NA,NA,"2023-09-19","GRANDE SÃO PAULO","nowcast",NA,2023-12-05,362
NA,NA,NA,NA,NA,NA,NA,NA,"2023-09-19","GRANDE SÃO PAULO","nowcast",NA,2023-12-12,381
NA,NA,NA,NA,NA,NA,NA,NA,"2023-09-19","GRANDE SÃO PAULO","nowcast",NA,2023-12-19,266
